model,params,mean_precision,mean_recall,mean_f1,mean_roc_auc,std_precision,std_recall,std_f1,std_roc_auc,rank,fit_time
Logistic Regression,"{""clf__C"": 0.01, ""clf__l1_ratio"": 0}",0.6395902879098584,0.17730061349693252,0.2771180129075572,0.7631165066309676,0.04054210546528679,0.024493821813100766,0.032297426373249276,0.019094363794290695,1,0.023833560943603515
Logistic Regression,"{""clf__C"": 0.01, ""clf__l1_ratio"": 1}",0.5964596302524052,0.10184049079754602,0.1738272976162511,0.7563504637343375,0.03353120821962455,0.007361963190184046,0.011060678948319087,0.019187845767274267,10,0.03600759506225586
Logistic Regression,"{""clf__C"": 0.1, ""clf__l1_ratio"": 0}",0.5967302172926425,0.20981595092024538,0.31016319731163733,0.7628444298908803,0.04556709016481545,0.02556155417914069,0.032984544161192564,0.019806230810415975,3,0.04877176284790039
Logistic Regression,"{""clf__C"": 0.1, ""clf__l1_ratio"": 1}",0.6122448838558399,0.2049079754601227,0.3066146186983813,0.7630298273155416,0.04942271922451,0.02627314491455688,0.033830582310783376,0.01965678731844831,2,0.04095649719238281
Logistic Regression,"{""clf__C"": 1, ""clf__l1_ratio"": 0}",0.5966518497173707,0.21411042944785277,0.31477212103617636,0.762795311612139,0.04428803244193131,0.025839803298960348,0.032670458480132405,0.019891061193050556,6,0.03138880729675293
Logistic Regression,"{""clf__C"": 1, ""clf__l1_ratio"": 1}",0.5953716726712864,0.2128834355828221,0.3132846774820817,0.7628116843717194,0.043852476926334434,0.025040897707924604,0.031803178077597714,0.0199114227046733,4,0.1851959705352783
Logistic Regression,"{""clf__C"": 10, ""clf__l1_ratio"": 0}",0.5973357529700813,0.2147239263803681,0.3155461376975704,0.7627832728183298,0.044727026629824994,0.025737640445893287,0.03265670473232058,0.01990298951257259,9,0.032665252685546875
Logistic Regression,"{""clf__C"": 10, ""clf__l1_ratio"": 1}",0.5966518497173707,0.21411042944785277,0.31477212103617636,0.7627962747156437,0.04428803244193131,0.025839803298960348,0.032670458480132405,0.019910075172307536,5,0.3141730785369873
Logistic Regression,"{""clf__C"": 100, ""clf__l1_ratio"": 0}",0.5973357529700813,0.2147239263803681,0.3155461376975704,0.7627837543700821,0.044727026629824994,0.025737640445893287,0.03265670473232058,0.019903409426106414,8,0.04249958992004395
Logistic Regression,"{""clf__C"": 100, ""clf__l1_ratio"": 1}",0.5973357529700813,0.2147239263803681,0.3155461376975704,0.7627842359218345,0.044727026629824994,0.025737640445893287,0.03265670473232058,0.019906593354959756,7,0.03752813339233398
Logistic Regression (balanced),"{""clf__C"": 0.01, ""clf__l1_ratio"": 0}",0.3780590286584201,0.6834355828220858,0.4866565093127737,0.7660814207702902,0.013933151921509917,0.034996222569206537,0.018596374132264126,0.020129090947894,9,0.025225067138671876
Logistic Regression (balanced),"{""clf__C"": 0.01, ""clf__l1_ratio"": 1}",0.37414420799897574,0.7085889570552146,0.48958151524044424,0.7643297762710559,0.013396153034220247,0.03550870215579821,0.0185856844418856,0.01959505768917672,10,0.026668357849121093
Logistic Regression (balanced),"{""clf__C"": 0.1, ""clf__l1_ratio"": 0}",0.37997417657761545,0.6852760736196319,0.4887145652708025,0.7662143290539435,0.01467747828353507,0.035909228531685634,0.01953545541903901,0.020517435192545976,4,0.029781103134155273
Logistic Regression (balanced),"{""clf__C"": 0.1, ""clf__l1_ratio"": 1}",0.3791581424268929,0.6871165644171778,0.48851543020973553,0.7663727595804721,0.01396475437647932,0.03550870215579826,0.018972630592296185,0.02039951054352705,1,0.038010454177856444
Logistic Regression (balanced),"{""clf__C"": 1, ""clf__l1_ratio"": 0}",0.3797260487168531,0.6852760736196318,0.4884949188606039,0.7662278125030098,0.014808502868442186,0.036532699217078295,0.019655567034392224,0.020535532539295243,3,0.030170202255249023
Logistic Regression (balanced),"{""clf__C"": 1, ""clf__l1_ratio"": 1}",0.37972585573804346,0.6852760736196319,0.48849532430783543,0.7662316649170287,0.014336534587373903,0.035909228531685634,0.019079991009053658,0.02051335950943322,2,0.10099835395812988
Logistic Regression (balanced),"{""clf__C"": 10, ""clf__l1_ratio"": 0}",0.3797260487168531,0.6852760736196318,0.4884949188606039,0.7661989193978677,0.014808502868442186,0.036532699217078295,0.019655567034392224,0.020528540381753436,7,0.03970794677734375
Logistic Regression (balanced),"{""clf__C"": 10, ""clf__l1_ratio"": 1}",0.3797260487168531,0.6852760736196318,0.4884949188606039,0.7662042164671437,0.014808502868442186,0.036532699217078295,0.019655567034392224,0.020521483104501435,5,0.501863431930542
Logistic Regression (balanced),"{""clf__C"": 100, ""clf__l1_ratio"": 0}",0.37952834271790276,0.6846625766871165,0.4881801234776029,0.7661984378461153,0.014794360742568924,0.03574113291688223,0.019455159875906056,0.020533944123168935,8,0.04149131774902344
Logistic Regression (balanced),"{""clf__C"": 100, ""clf__l1_ratio"": 1}",0.37952834271790276,0.6846625766871165,0.4881801234776029,0.766201808708382,0.014794360742568924,0.03574113291688223,0.019455159875906056,0.02053103912650559,6,0.032525491714477536
Random Forest,"{""clf__max_depth"": null, ""clf__max_features"": ""sqrt"", ""clf__min_samples_leaf"": 1, ""clf__n_estimators"": 200}",0.7432703566273868,0.4515337423312884,0.5616624320543457,0.8487470023403416,0.03660911992431742,0.03434487117123536,0.036864505600676396,0.014148152708197796,16,3.801600122451782
Random Forest,"{""clf__max_depth"": null, ""clf__max_features"": ""sqrt"", ""clf__min_samples_leaf"": 1, ""clf__n_estimators"": 400}",0.7461025790018699,0.44907975460122707,0.5605502383942094,0.8502670204466873,0.030941020435383448,0.031676885014541314,0.033179713603792516,0.013168839161511467,15,7.212736177444458
Random Forest,"{""clf__max_depth"": null, ""clf__max_features"": ""sqrt"", ""clf__min_samples_leaf"": 5, ""clf__n_estimators"": 200}",0.7902411729616364,0.4374233128834356,0.5628654744149555,0.856881374541322,0.021891214516828066,0.02556155417914069,0.025328652498289656,0.011339179657630292,11,3.2660495758056642
Random Forest,"{""clf__max_depth"": null, ""clf__max_features"": ""sqrt"", ""clf__min_samples_leaf"": 5, ""clf__n_estimators"": 400}",0.7896731395908864,0.4429447852760736,0.5674336772038768,0.8577062726931264,0.021044992174322846,0.02076847960712976,0.021846143999062498,0.011688793283922682,9,6.011172866821289
Random Forest,"{""clf__max_depth"": null, ""clf__max_features"": 0.5, ""clf__min_samples_leaf"": 1, ""clf__n_estimators"": 200}",0.7244815377193227,0.4674846625766872,0.5681753622111906,0.8511082913580722,0.03285753974220254,0.0302174487264411,0.032168254204202655,0.011573501766178631,13,6.903072786331177
Random Forest,"{""clf__max_depth"": null, ""clf__max_features"": 0.5, ""clf__min_samples_leaf"": 1, ""clf__n_estimators"": 400}",0.7284486301131293,0.46564417177914114,0.5680149783008944,0.8510406333368647,0.034756766031129954,0.032312132717211506,0.034324761291694525,0.011797546553197952,14,13.727294826507569
Random Forest,"{""clf__max_depth"": null, ""clf__max_features"": 0.5, ""clf__min_samples_leaf"": 5, ""clf__n_estimators"": 200}",0.747634698056524,0.46073619631901847,0.5699661253641448,0.8584550856680566,0.025605039274735925,0.026628876581853627,0.02683310926263407,0.011097555562805707,8,5.493295001983642
Random Forest,"{""clf__max_depth"": null, ""clf__max_features"": 0.5, ""clf__min_samples_leaf"": 5, ""clf__n_estimators"": 400}",0.7480523029688344,0.45766871165644174,0.5677912864525798,0.8589506024212422,0.030900702150939072,0.024950551420445097,0.027219152748146364,0.010544333812134562,5,10.962156057357788
Random Forest,"{""clf__max_depth"": 10, ""clf__max_features"": ""sqrt"", ""clf__min_samples_leaf"": 1, ""clf__n_estimators"": 200}",0.7898519824741048,0.42331288343558277,0.5510968228342094,0.855637044813206,0.02986889974264802,0.025443486323101495,0.028454133888210227,0.011009852692514765,12,3.65694522857666
Random Forest,"{""clf__max_depth"": 10, ""clf__max_features"": ""sqrt"", ""clf__min_samples_leaf"": 1, ""clf__n_estimators"": 400}",0.8000045093538196,0.42883435582822094,0.5582110149270412,0.8569747955812812,0.02944925109501981,0.027871942801473745,0.030464558295740116,0.010956242082224617,10,5.958814525604248
Random Forest,"{""clf__max_depth"": 10, ""clf__max_features"": ""sqrt"", ""clf__min_samples_leaf"": 5, ""clf__n_estimators"": 200}",0.797161262806003,0.42760736196319027,0.5564584852170593,0.8587584632720479,0.02499809078129056,0.02396567482776027,0.02537294100403992,0.00870725028682692,7,3.1225547313690187
Random Forest,"{""clf__max_depth"": 10, ""clf__max_features"": ""sqrt"", ""clf__min_samples_leaf"": 5, ""clf__n_estimators"": 400}",0.7946245337401001,0.42822085889570555,0.5563750335083588,0.8588865560381775,0.02079197121832751,0.02275734600121646,0.023616059802938117,0.010320591429894749,6,5.426190662384033
Random Forest,"{""clf__max_depth"": 10, ""clf__max_features"": 0.5, ""clf__min_samples_leaf"": 1, ""clf__n_estimators"": 200}",0.763902516728912,0.454601226993865,0.5698722034144772,0.8593883329641436,0.028139212256762313,0.02172506896886598,0.023639943469139085,0.009770895165519282,4,3.933385944366455
Random Forest,"{""clf__max_depth"": 10, ""clf__max_features"": 0.5, ""clf__min_samples_leaf"": 1, ""clf__n_estimators"": 400}",0.767001670465928,0.45276073619631907,0.5692647743091143,0.8596743747050496,0.022726643687030205,0.021655659625426732,0.022202839760951686,0.00982148222228396,3,10.783316278457642
Random Forest,"{""clf__max_depth"": 10, ""clf__max_features"": 0.5, ""clf__min_samples_leaf"": 5, ""clf__n_estimators"": 200}",0.7695608529873009,0.45337423312883435,0.5704338843641403,0.8609254461576985,0.0218056299619454,0.023069442548421065,0.023047977696166316,0.009424476030060245,2,4.500209951400757
Random Forest,"{""clf__max_depth"": 10, ""clf__max_features"": 0.5, ""clf__min_samples_leaf"": 5, ""clf__n_estimators"": 400}",0.7700751037324313,0.45276073619631896,0.5701115032517825,0.8609394111585171,0.02417332876222789,0.023649491125639736,0.02436335839670813,0.00972983465418719,1,8.017660188674927
Random Forest (balanced),"{""clf__max_depth"": null, ""clf__max_features"": ""sqrt"", ""clf__min_samples_leaf"": 1, ""clf__n_estimators"": 200}",0.6139121548423118,0.592638036809816,0.6028135709359029,0.8488943571765658,0.007398244864878426,0.030453186861327253,0.01848087770829398,0.013024472404555556,16,2.8820746898651124
Random Forest (balanced),"{""clf__max_depth"": null, ""clf__max_features"": ""sqrt"", ""clf__min_samples_leaf"": 1, ""clf__n_estimators"": 400}",0.6173784211068576,0.5895705521472392,0.6028315230685253,0.8498141210235864,0.014422875866566333,0.03472631091554576,0.02310988316451878,0.012690785376426596,15,7.971220207214356
Random Forest (balanced),"{""clf__max_depth"": null, ""clf__max_features"": ""sqrt"", ""clf__min_samples_leaf"": 5, ""clf__n_estimators"": 200}",0.5393358469707186,0.6901840490797546,0.6048451103020869,0.8560646627693078,0.011922685762695524,0.048228819649162084,0.021563455833579822,0.011118985477440514,11,3.3213712692260744
Random Forest (balanced),"{""clf__max_depth"": null, ""clf__max_features"": ""sqrt"", ""clf__min_samples_leaf"": 5, ""clf__n_estimators"": 400}",0.5430330727013681,0.6920245398773006,0.6079632169909501,0.8568727066097794,0.013992677031049512,0.047860625435195314,0.023371289890470832,0.011480400050012239,8,6.040688514709473
Random Forest (balanced),"{""clf__max_depth"": null, ""clf__max_features"": 0.5, ""clf__min_samples_leaf"": 1, ""clf__n_estimators"": 200}",0.6080974160806126,0.598159509202454,0.6028054231900098,0.8502807446716298,0.015805399538436606,0.03909087686398526,0.02704980808824584,0.01039201855579518,14,5.289914751052857
Random Forest (balanced),"{""clf__max_depth"": null, ""clf__max_features"": 0.5, ""clf__min_samples_leaf"": 1, ""clf__n_estimators"": 400}",0.6045409449438186,0.6012269938650306,0.602565243656086,0.8507584440099777,0.013337498733588731,0.03746854352049682,0.024603860474324675,0.01155047034315777,13,10.252831745147706
Random Forest (balanced),"{""clf__max_depth"": null, ""clf__max_features"": 0.5, ""clf__min_samples_leaf"": 5, ""clf__n_estimators"": 200}",0.5407246696255414,0.6907975460122698,0.606322340526783,0.8580712889214205,0.005709269348415993,0.034180093931740166,0.015552698727990782,0.010599998138764118,7,4.487094926834106
Random Forest (balanced),"{""clf__max_depth"": null, ""clf__max_features"": 0.5, ""clf__min_samples_leaf"": 5, ""clf__n_estimators"": 400}",0.5429180948071377,0.694478527607362,0.6090476276532119,0.8586221841261279,0.005090121327364917,0.035221349924925954,0.014663633703867281,0.010842389663433353,3,8.674345064163209
Random Forest (balanced),"{""clf__max_depth"": 10, ""clf__max_features"": ""sqrt"", ""clf__min_samples_leaf"": 1, ""clf__n_estimators"": 200}",0.5537882000343884,0.688957055214724,0.6134316146426346,0.8559052691392743,0.010796800218060648,0.04451976087491224,0.020150867298191974,0.01141328641595801,12,3.3216224193572996
Random Forest (balanced),"{""clf__max_depth"": 10, ""clf__max_features"": ""sqrt"", ""clf__min_samples_leaf"": 1, ""clf__n_estimators"": 400}",0.554514003280934,0.6883435582822086,0.6136864053560791,0.8564113800310119,0.013457659177855616,0.04646403982518157,0.023430095235647947,0.011666319807381672,10,6.1002332210540775
Random Forest (balanced),"{""clf__max_depth"": 10, ""clf__max_features"": ""sqrt"", ""clf__min_samples_leaf"": 5, ""clf__n_estimators"": 200}",0.5320203482523029,0.7067484662576686,0.6065354377241297,0.8565259893480753,0.014706505284752942,0.043320008451312224,0.02071476341674382,0.012465694755611805,9,2.883339834213257
Random Forest (balanced),"{""clf__max_depth"": 10, ""clf__max_features"": ""sqrt"", ""clf__min_samples_leaf"": 5, ""clf__n_estimators"": 400}",0.5357473023531755,0.7079754601226994,0.6094621025337237,0.8584281187699242,0.009510433906726993,0.041987579465690004,0.01838770559131283,0.012026738134526411,4,5.810137319564819
Random Forest (balanced),"{""clf__max_depth"": 10, ""clf__max_features"": 0.5, ""clf__min_samples_leaf"": 1, ""clf__n_estimators"": 200}",0.542564431581404,0.7,0.6109094485753713,0.8582932842792615,0.008285906711933872,0.04335474783817119,0.020654960226057263,0.011071690546162727,6,4.117967939376831
Random Forest (balanced),"{""clf__max_depth"": 10, ""clf__max_features"": 0.5, ""clf__min_samples_leaf"": 1, ""clf__n_estimators"": 400}",0.5429853704095127,0.6938650306748466,0.6087382639542216,0.8583554044553168,0.010807658030316305,0.04685927964154188,0.02279409019096547,0.010896442517268975,5,8.101590013504028
Random Forest (balanced),"{""clf__max_depth"": 10, ""clf__max_features"": 0.5, ""clf__min_samples_leaf"": 5, ""clf__n_estimators"": 200}",0.5310040660117853,0.7104294478527609,0.6073811268616206,0.8603235064672401,0.009528288019996233,0.0361703140441317,0.01599805420300272,0.010081750512700306,2,3.477037954330444
Random Forest (balanced),"{""clf__max_depth"": 10, ""clf__max_features"": 0.5, ""clf__min_samples_leaf"": 5, ""clf__n_estimators"": 400}",0.529472433937403,0.7104294478527609,0.6063823966792287,0.8603678092284579,0.007481660822102532,0.03709500971246865,0.015877082387832458,0.01068115010698475,1,6.774090814590454
Gradient Boosting,"{""clf__learning_rate"": 0.05, ""clf__max_depth"": 3, ""clf__n_estimators"": 100, ""clf__subsample"": 0.8}",0.7837557410537057,0.4484662576687117,0.5701945490875072,0.8621505138157197,0.03090796726378967,0.03242840561080371,0.032924863607733515,0.008516199500227115,11,1.6137932777404784
Gradient Boosting,"{""clf__learning_rate"": 0.05, ""clf__max_depth"": 3, ""clf__n_estimators"": 100, ""clf__subsample"": 1.0}",0.7918257334281675,0.42392638036809815,0.5520141370879473,0.8612825167820786,0.027922245542819264,0.02787194280147373,0.02958224528981448,0.00903237556028869,14,2.314245843887329
Gradient Boosting,"{""clf__learning_rate"": 0.05, ""clf__max_depth"": 3, ""clf__n_estimators"": 200, ""clf__subsample"": 0.8}",0.7706174941106403,0.4705521472392638,0.5841220888834853,0.8648729666477255,0.033470732508134385,0.02939668356002683,0.030931753830891945,0.009214756140152963,2,4.33562479019165
Gradient Boosting,"{""clf__learning_rate"": 0.05, ""clf__max_depth"": 3, ""clf__n_estimators"": 200, ""clf__subsample"": 1.0}",0.7771257580955013,0.46809815950920247,0.5841187376621806,0.8639536843524575,0.032789114259419355,0.03137843399397404,0.033169936900436854,0.010238366317479809,5,5.617558097839355
Gradient Boosting,"{""clf__learning_rate"": 0.05, ""clf__max_depth"": 4, ""clf__n_estimators"": 100, ""clf__subsample"": 0.8}",0.7724680810135827,0.4588957055214724,0.575631391810637,0.8634887461355472,0.0291029415396831,0.025265350039231905,0.026982870421355044,0.00981797398982084,6,3.8497267723083497
Gradient Boosting,"{""clf__learning_rate"": 0.05, ""clf__max_depth"": 4, ""clf__n_estimators"": 100, ""clf__subsample"": 1.0}",0.7805755727223671,0.44907975460122695,0.5700104948337367,0.8624310177114735,0.037163892043790656,0.023965674827760252,0.02781145236689299,0.010310083313180049,10,3.8104514598846437
Gradient Boosting,"{""clf__learning_rate"": 0.05, ""clf__max_depth"": 4, ""clf__n_estimators"": 200, ""clf__subsample"": 0.8}",0.7505020183564541,0.47914110429447854,0.5847676919517609,0.8632224480164883,0.020905369164153722,0.025324868025215094,0.02492136340987523,0.010793909861254907,7,5.494396829605103
Gradient Boosting,"{""clf__learning_rate"": 0.05, ""clf__max_depth"": 4, ""clf__n_estimators"": 200, ""clf__subsample"": 1.0}",0.7623846535605285,0.4754601226993865,0.585562260505023,0.8621343818320156,0.031008919776700027,0.028046943437208482,0.02983812052161565,0.012764807760902126,12,5.27005786895752
Gradient Boosting,"{""clf__learning_rate"": 0.1, ""clf__max_depth"": 3, ""clf__n_estimators"": 100, ""clf__subsample"": 0.8}",0.7600314533101298,0.4754601226993865,0.5847393456404701,0.8648387764733076,0.024024209233541087,0.030117638548794026,0.028951857874547175,0.00957295548082258,3,2.0990618228912354
Gradient Boosting,"{""clf__learning_rate"": 0.1, ""clf__max_depth"": 3, ""clf__n_estimators"": 100, ""clf__subsample"": 1.0}",0.7725960376253441,0.46441717791411047,0.5799584617499722,0.8640170084078935,0.027883993351813994,0.029778309446654213,0.030572597025320763,0.0094371626280782,4,2.393189001083374
Gradient Boosting,"{""clf__learning_rate"": 0.1, ""clf__max_depth"": 3, ""clf__n_estimators"": 200, ""clf__subsample"": 0.8}",0.747662700690384,0.4815950920245399,0.5855651944988456,0.8629274975681636,0.0192119770899452,0.03187823572212656,0.029001196763443635,0.009496170093348483,8,4.0889819145202635
Gradient Boosting,"{""clf__learning_rate"": 0.1, ""clf__max_depth"": 3, ""clf__n_estimators"": 200, ""clf__subsample"": 1.0}",0.7545848648387411,0.4809815950920246,0.5873361763169844,0.8627009274686751,0.022328756290905846,0.02976566741278087,0.028959308646217582,0.011158701636022662,9,3.919284629821777
Gradient Boosting,"{""clf__learning_rate"": 0.1, ""clf__max_depth"": 4, ""clf__n_estimators"": 100, ""clf__subsample"": 0.8}",0.7513266857650842,0.48220858895705526,0.5871416675114743,0.8649685546705704,0.02051426869988313,0.033568991460869814,0.031007937284633597,0.010772703849200706,1,2.512485074996948
Gradient Boosting,"{""clf__learning_rate"": 0.1, ""clf__max_depth"": 4, ""clf__n_estimators"": 100, ""clf__subsample"": 1.0}",0.7640321328555248,0.4803680981595092,0.5898437128918173,0.86131839238763,0.03090719360565188,0.018466155758641006,0.022804183994767187,0.012162389903358188,13,2.4030266284942625
Gradient Boosting,"{""clf__learning_rate"": 0.1, ""clf__max_depth"": 4, ""clf__n_estimators"": 200, ""clf__subsample"": 0.8}",0.7296731075215439,0.496319018404908,0.5904308336714779,0.8600639500727143,0.023813920504663237,0.040201607178910144,0.03636859625726366,0.010606561476199665,15,4.277786302566528
Gradient Boosting,"{""clf__learning_rate"": 0.1, ""clf__max_depth"": 4, ""clf__n_estimators"": 200, ""clf__subsample"": 1.0}",0.7263694480980313,0.4840490797546012,0.5809008704874155,0.8596045497009565,0.03301968983610589,0.025985053477972232,0.02879618629659976,0.012966917926020083,16,4.227970361709595
Gradient Boosting (balanced),"{""clf__learning_rate"": 0.05, ""clf__max_depth"": 3, ""clf__n_estimators"": 100, ""clf__subsample"": 0.8}",0.4998716769484319,0.7392638036809815,0.596007154162306,0.8626494014311719,0.012709145770638771,0.037064558201210344,0.01595825527365666,0.009921618168757702,6,1.7378374099731446
Gradient Boosting (balanced),"{""clf__learning_rate"": 0.05, ""clf__max_depth"": 3, ""clf__n_estimators"": 100, ""clf__subsample"": 1.0}",0.498424221637222,0.7417177914110429,0.5958195065617232,0.8614310754976838,0.009776504010475867,0.03265970958087402,0.011756703562735811,0.009472407807408175,14,1.7081121921539306
Gradient Boosting (balanced),"{""clf__learning_rate"": 0.05, ""clf__max_depth"": 3, ""clf__n_estimators"": 200, ""clf__subsample"": 0.8}",0.5095193445226007,0.738036809815951,0.6024485152710245,0.8643001608382853,0.007499530743858234,0.03419110378673075,0.011351633274846371,0.009925558774398952,1,3.711399698257446
Gradient Boosting (balanced),"{""clf__learning_rate"": 0.05, ""clf__max_depth"": 3, ""clf__n_estimators"": 200, ""clf__subsample"": 1.0}",0.5068392863110791,0.7361963190184049,0.6001051811483579,0.8634526297541196,0.008853452858430559,0.030428458325490168,0.012993182733155728,0.011482220356767528,3,4.4600996494293215
Gradient Boosting (balanced),"{""clf__learning_rate"": 0.05, ""clf__max_depth"": 4, ""clf__n_estimators"": 100, ""clf__subsample"": 0.8}",0.5091786558579979,0.7343558282208589,0.6010503875039002,0.8632554343115254,0.008847911610875244,0.03601388986856239,0.015163859388184217,0.011115381426535953,4,2.388034534454346
Gradient Boosting (balanced),"{""clf__learning_rate"": 0.05, ""clf__max_depth"": 4, ""clf__n_estimators"": 100, ""clf__subsample"": 1.0}",0.5035274925234396,0.7374233128834355,0.5979471644586015,0.8614698404137492,0.0064909707204772295,0.038878477344183704,0.01277538743305604,0.011228686655522686,12,2.8506279945373536
Gradient Boosting (balanced),"{""clf__learning_rate"": 0.05, ""clf__max_depth"": 4, ""clf__n_estimators"": 200, ""clf__subsample"": 0.8}",0.520620033746149,0.7190184049079755,0.6034914785068313,0.8623407267579045,0.011648223652598478,0.043493427913536456,0.020108699658965196,0.012035115097045097,8,4.954666185379028
Gradient Boosting (balanced),"{""clf__learning_rate"": 0.05, ""clf__max_depth"": 4, ""clf__n_estimators"": 200, ""clf__subsample"": 1.0}",0.5157230861773969,0.7331288343558282,0.6051148509101096,0.8623924935712841,0.005118339606011435,0.03899447504802625,0.01484956403028388,0.012279170217514724,7,5.626211166381836
Gradient Boosting (balanced),"{""clf__learning_rate"": 0.1, ""clf__max_depth"": 3, ""clf__n_estimators"": 100, ""clf__subsample"": 0.8}",0.5116382668516324,0.7361963190184049,0.603449225564092,0.8638169236547851,0.011971392937137343,0.03781849081576059,0.01891194780133675,0.00981666239048288,2,1.8912035465240478
Gradient Boosting (balanced),"{""clf__learning_rate"": 0.1, ""clf__max_depth"": 3, ""clf__n_estimators"": 100, ""clf__subsample"": 1.0}",0.5057742739269859,0.7349693251533742,0.5989472776822549,0.8628668220473653,0.0072176259477061714,0.029841439281019184,0.011705356692422944,0.011922967739799324,5,2.2048971176147463
Gradient Boosting (balanced),"{""clf__learning_rate"": 0.1, ""clf__max_depth"": 3, ""clf__n_estimators"": 200, ""clf__subsample"": 0.8}",0.5216362489759656,0.7239263803680981,0.6059344378642211,0.8617224143078657,0.00916276041712915,0.041245978684592934,0.01772939622666168,0.00985034667309395,10,3.8226364135742186
Gradient Boosting (balanced),"{""clf__learning_rate"": 0.1, ""clf__max_depth"": 3, ""clf__n_estimators"": 200, ""clf__subsample"": 1.0}",0.5204333068733942,0.7288343558282209,0.6067339248936754,0.8614450404985025,0.01076215046893416,0.04426540860747842,0.018406571755897366,0.013492147397688906,13,4.36872034072876
Gradient Boosting (balanced),"{""clf__learning_rate"": 0.1, ""clf__max_depth"": 4, ""clf__n_estimators"": 100, ""clf__subsample"": 0.8}",0.51949506120251,0.7226993865030675,0.6037800706001448,0.861655960166039,0.012812803324113303,0.03495317676869722,0.008179932818635133,0.009800718271644493,11,2.665246295928955
Gradient Boosting (balanced),"{""clf__learning_rate"": 0.1, ""clf__max_depth"": 4, ""clf__n_estimators"": 100, ""clf__subsample"": 1.0}",0.5145406358703875,0.7294478527607362,0.6030459518375635,0.8619215359574695,0.013342690344399433,0.040388418627319726,0.019826446513069574,0.011844810801221389,9,2.996226406097412
Gradient Boosting (balanced),"{""clf__learning_rate"": 0.1, ""clf__max_depth"": 4, ""clf__n_estimators"": 200, ""clf__subsample"": 0.8}",0.5363433100096042,0.7073619631901841,0.6094229514845054,0.8569449393726345,0.015249348806562195,0.034355828220858885,0.01198217609395563,0.011150366898183613,16,4.126390981674194
Gradient Boosting (balanced),"{""clf__learning_rate"": 0.1, ""clf__max_depth"": 4, ""clf__n_estimators"": 200, ""clf__subsample"": 1.0}",0.530121162053147,0.7122699386503066,0.6074507660640613,0.8592291801099865,0.013401145053261822,0.03531739377821902,0.016801449533971398,0.01262357889224815,15,4.1983551502227785
